Sample	posterior	ESS(posterior)	likelihood	prior
0	-8448.007876192307	N	-8422.04768297664	-25.96019321566746
1000	-6298.005071641345	2.0	-6290.93972257083	-7.065349070515764
2000	-6302.5384119436585	3.0	-6292.003023479283	-10.535388464375362
3000	-6297.657908671945	4.0	-6290.000315231274	-7.657593440671295
