Sample	posterior	ESS(posterior)	likelihood	prior
0	-8061.6059812058475	N	-8051.195594169865	-10.410387035981923
1000	-6263.361697408768	2.0	-6260.648648551812	-2.7130488569567923
2000	-6263.380673893853	3.0	-6260.578842155073	-2.801831738779267
3000	-6264.412944451409	4.0	-6260.67755406387	-3.7353903875388204
