"","site_model_name","clock_model_name","tree_prior_name","marg_log_lik","marg_log_lik_sd","weight","ess"
"1","JC69","strict","birth_death",-6258.44690288875,4.49960945056342,0.999950812786042,5.77032555583548
"2","HKY","strict","yule",-6276.68309250851,5.75048918122082,0.0000000120254715427618,8.75460189197527
"3","HKY","strict","birth_death",-6268.36697506104,4.89014961012236,0.0000491751884865261,5.79828531358551
