Sample	posterior	ESS(posterior)	likelihood	prior	
0	-5542.291526159647	3.5	-5536.529569271949	-5.761956887697751	
1	-5542.291526159647	3.5	-5536.529569271949	-5.761956887697751	
2	-5542.291526159647	3.5	-5536.529569271949	-5.761956887697751	
3	-5542.291526159647	3.5	-5536.529569271949	-5.761956887697751	
4	-5542.272400354976	3.6	-5536.52056351682	-5.751836838155088	
5	-5542.272400354976	3.6	-5536.52056351682	-5.751836838155088	
