Sample	posterior	ESS(posterior)	likelihood	prior	
0	-6251.094914429306	4.3	-6245.038433220207	-6.056481209099777	
1	-6250.344309230469	4.3	-6244.0791116314085	-6.265197599059933	
2	-6249.597192953187	4.4	-6243.192186114474	-6.405006838713634	
3	-6249.597192953187	4.4	-6243.192186114474	-6.405006838713634	
4	-6249.597192953187	4.4	-6243.192186114474	-6.405006838713634	
5	-6248.325897185969	4.6	-6242.220883386356	-6.105013799612164	
6	-6247.635177068359	4.9	-6241.634020516465	-6.001156551893306	
